aid,password
00M,00M
00R,00R
00V,00V
01G,01G
01J,01J
01M,01M
02A,02A
02C,02C
02G,02G
03D,03D
04M,04M
04Y,04Y
05C,05C
05F,05F
05U,05U
06A,06A
06C,06C
06D,06D
06M,06M
06N,06N
06U,06U
07C,07C
07F,07F
07G,07G
07K,07K
08A,08A
08D,08D
08K,08K
08M,08M
09A,09A
09J,09J
09K,09K
09M,09M
09W,09W
0A3,0A3
0A8,0A8
0A9,0A9
0AK,0AK
0B1,0B1
0B4,0B4
0B5,0B5
0B7,0B7
0B8,0B8
0C0,0C0
0C4,0C4
0D1,0D1
0D8,0D8
0**,0**
1**,1**
0F2,0F2
0F4,0F4
0F7,0F7
0F8,0F8
0F9,0F9
0G0,0G0
0G3,0G3
0G6,0G6
0G7,0G7
0H1,0H1
0I8,0I8
0J0,0J0
0J4,0J4
0J6,0J6
0K7,0K7
0L5,0L5
0L7,0L7
0L9,0L9
0M0,0M0
0M1,0M1
0M4,0M4
0M5,0M5
0M6,0M6
0M8,0M8
0O3,0O3
0O4,0O4
0O5,0O5
0Q5,0Q5
0Q6,0Q6
0R0,0R0
0R1,0R1
0R3,0R3
0R4,0R4
0R5,0R5
0R7,0R7
0S7,0S7
0S9,0S9
0V2,0V2
0V3,0V3
0V4,0V4
0V6,0V6
0V7,0V7
10C,10C
10D,10D
10G,10G
10N,10N
10U,10U
11A,11A
11D,11D
11IS,11IS
11J,11J
11R,11R
12C,12C
12D,12D
12J,12J
12K,12K
12Y,12Y
13C,13C
13K,13K
13N,13N
14J,14J
14M,14M
14Y,14Y
15F,15F
15J,15J
15M,15M
15Z,15Z
16A,16A
16G,16G
16J,16J
16S,16S
17G,17G
17J,17J
17K,17K
17M,17M
17N,17N
17Z,17Z
18A,18A
18I,18I
19A,19A
19M,19M
19N,19N
19P,19P
1A3,1A3
1A5,1A5
1A6,1A6
1A7,1A7
1A9,1A9
1B0,1B0
1B1,1B1
1B3,1B3
1B9,1B9
1C5,1C5
1D1,1D1
1D2,1D2
1D3,1D3
1D6,1D6
1D7,1D7
1D8,1D8
1F0,1F0
1F1,1F1
1F4,1F4
1F9,1F9
1G0,1G0
1G3,1G3
1G4,1G4
1G5,1G5
1G6,1G6
1H0,1H0
1H2,1H2
1H3,1H3
1H8,1H8
1I5,1I5
1I9,1I9
1J0,1J0
1K2,1K2
1K4,1K4
1K5,1K5
1K9,1K9
1L0,1L0
1L1,1L1
1L7,1L7
1L9,1L9
1M1,1M1
1M2,1M2
1M4,1M4
1M5,1M5
1M7,1M7
1MO,1MO
1N2,1N2
1N4,1N4
1N7,1N7
1N9,1N9
1ND3,1ND3
1O1,1O1
1O2,1O2
1O3,1O3
1O4,1O4
1O6,1O6
1R1,1R1
1R7,1R7
1R8,1R8
1S0,1S0
1S3,1S3
1S5,1S5
1S6,1S6
1U7,1U7
1V0,1V0
1V2,1V2
1V5,1V5
1V6,1V6
1V9,1V9
20A,20A
20M,20M
20N,20N
20U,20U
20V,20V
21D,21D
21F,21F
22B,22B
22I,22I
22M,22M
22N,22N
23J,23J
23M,23M
23N,23N
23R,23R
24A,24A
24J,24J
24N,24N
25J,25J
25M,25M
25R,25R
26A,26A
26N,26N
26R,26R
26U,26U
27A,27A
27D,27D
27J,27J
27K,27K
28J,28J
29D,29D
29G,29G
29S,29S
2A0,2A0
2A1,2A1
2A3,2A3
2A9,2A9
2AK,2AK
2B3,2B3
2B7,2B7
2B9,2B9
2D1,2D1
2D5,2D5
2F5,2F5
2F6,2F6
2F7,2F7
2F8,2F8
2G2,2G2
2G3,2G3
2G4,2G4
2G9,2G9
2H0,2H0
2H2,2H2
2I0,2I0
2I5,2I5
2IS,2IS
2J2,2J2
2J3,2J3
2J5,2J5
2J9,2J9
2K3,2K3
2K4,2K4
2K5,2K5
2M0,2M0
2M2,2M2
2M3,2M3
2M4,2M4
2M8,2M8
2O1,2O1
2O3,2O3
2O6,2O6
2O7,2O7
2O8,2O8
2P2,2P2
2Q3,2Q3
2R0,2R0
2R4,2R4
2R5,2R5
2R9,2R9
2S1,2S1
2S6,2S6
2S7,2S7
2S8,2S8
2T1,2T1
2V1,2V1
2V2,2V2
2V5,2V5
2V6,2V6
2W5,2W5
2W6,2W6
2Y3,2Y3
2Y4,2Y4
31F,31F
32M,32M
32S,32S
33J,33J
33M,33M
33N,33N
33S,33S
34A,34A
35A,35A
35D,35D
35S,35S
36K,36K
36S,36S
36U,36U
37T,37T
37W,37W
38A,38A
38S,38S
38U,38U
39N,39N
3A0,3A0
3A1,3A1
3A2,3A2
3A3,3A3
3AU,3AU
3B0,3B0
3B1,3B1
3B2,3B2
3B9,3B9
3BS,3BS
3CK,3CK
3CM,3CM
3CU,3CU
3D2,3D2
3D4,3D4
3F3,3F3
3F4,3F4
3F7,3F7
3FM,3FM
3FU,3FU
3G3,3G3
3G4,3G4
3G7,3G7
3GM,3GM
3I2,3I2
3I7,3I7
3J1,3J1
3J7,3J7
3JC,3JC
3K3,3K3
3K6,3K6
3K7,3K7
3LC,3LC
3LF,3LF
3M7,3M7
3M8,3M8
3M9,3M9
3MY,3MY
3N6,3N6
3N8,3N8
3ND0,3ND0
3O1,3O1
3O3,3O3
3O4,3O4
3O5,3O5
3O7,3O7
3O9,3O9
3R0,3R0
3R1,3R1
3R2,3R2
3R4,3R4
3R7,3R7
3S4,3S4
3S8,3S8
3S9,3S9
3SG,3SG
3SQ,3SQ
3T3,3T3
3T5,3T5
3TR,3TR
3U3,3U3
3U7,3U7
3U8,3U8
3V4,3V4
3WO,3WO
3Y2,3Y2
3Y3,3Y3
3Z9,3Z9
40J,40J
40N,40N
40U,40U
41U,41U
42A,42A
42C,42C
42J,42J
42S,42S
43A,43A
44B,44B
44N,44N
45J,45J
45OH,45OH
45R,45R
46A,46A
46D,46D
46N,46N
47A,47A
47J,47J
47N,47N
47V,47V
48A,48A
48D,48D
48I,48I
48K,48K
48S,48S
48V,48V
49A,49A
49T,49T
49X,49X
49Y,49Y
4A2,4A2
4A4,4A4
4A5,4A5
4A6,4A6
4A7,4A7
4A9,4A9
4B0,4B0
4B1,4B1
4B6,4B6
4B7,4B7
4B8,4B8
4B9,4B9
4C8,4C8
4D0,4D0
4D9,4D9
4F2,4F2
4F4,4F4
4G1,4G1
4G2,4G2
4G5,4G5
4G6,4G6
4G7,4G7
4I0,4I0
4I3,4I3
4I7,4I7
4I9,4I9
4J1,4J1
4J2,4J2
4J5,4J5
4J6,4J6
4K0,4K0
4K5,4K5
4K6,4K6
4KA,4KA
4M1,4M1
4M3,4M3
4M4,4M4
4M7,4M7
4M8,4M8
4M9,4M9
4N1,4N1
4O3,4O3
4O4,4O4
4O5,4O5
4PH,4PH
4R1,4R1
4R3,4R3
4R4,4R4
4R5,4R5
4R7,4R7
4R9,4R9
4S1,4S1
4S2,4S2
4S3,4S3
4S9,4S9
4SD,4SD
4T6,4T6
4U3,4U3
4U6,4U6
4V0,4V0
4V1,4V1
4V9,4V9
4W1,4W1
4Z4,4Z4
4Z7,4Z7
50I,50I
50J,50J
50K,50K
50R,50R
51D,51D
51Z,51Z
52A,52A
52E,52E
52J,52J
53A,53A
53K,53K
54J,54J
55D,55D
55J,55J
55S,55S
56D,56D
56M,56M
56S,56S
57B,57B
57C,57C
59B,59B
5A4,5A4
5A6,5A6
5A8,5A8
5A9,5A9
5B2,5B2
5B3,5B3
5B7,5B7
5CD,5CD
5D3,5D3
5F1,5F1
5F4,5F4
5G0,5G0
5G7,5G7
5G8,5G8
5G9,5G9
5HO,5HO
5I4,5I4
5J0,5J0
5J9,5J9
5K2,5K2
5M0,5M0
5M1,5M1
5M4,5M4
5M9,5M9
5N8,5N8
5ND6,5ND6
5NI,5NI
5NK,5NK
5NN,5NN
5R3,5R3
5R4,5R4
5R5,5R5
5R8,5R8
5S8,5S8
5T5,5T5
5T6,5T6
5T9,5T9
5TE,5TE
5U3,5U3
5U8,5U8
5V5,5V5
5V8,5V8
5W8,5W8
5Z1,5Z1
5Z5,5Z5
60F,60F
60J,60J
61A,61A
61B,61B
61C,61C
61J,61J
61S,61S
62D,62D
62H,62H
62S,62S
63A,63A
63C,63C
63S,63S
65J,65J
65S,65S
66D,66D
67L,67L
68A,68A
68S,68S
6A1,6A1
6A2,6A2
6A3,6A3
6A4,6A4
6A8,6A8
6B0,6B0
6B4,6B4
6B6,6B6
6B8,6B8
6B9,6B9
6D6,6D6
6D8,6D8
6F1,6F1
6G1,6G1
6G5,6G5
6I2,6I2
6J0,6J0
6J2,6J2
6J4,6J4
6K3,6K3
6K4,6K4
6K8,6K8
6L4,6L4
6M2,6M2
6M6,6M6
6M7,6M7
6M8,6M8
6N5,6N5
6N7,6N7
6N8,6N8
6R3,6R3
6R7,6R7
6R9,6R9
6S0,6S0
6S2,6S2
6S3,6S3
6S5,6S5
6S8,6S8
6V0,6V0
6V3,6V3
6V4,6V4
6V6,6V6
70J,70J
71J,71J
72S,72S
73C,73C
73J,73J
74D,74D
74S,74S
74V,74V
75J,75J
76G,76G
77G,77G
77S,77S
78D,78D
79D,79D
79J,79J
79S,79S
7A0,7A0
7A2,7A2
7A3,7A3
7A5,7A5
7A8,7A8
7B2,7B2
7D2,7D2
7F3,7F3
7F6,7F6
7F7,7F7
7F9,7F9
7G0,7G0
7G8,7G8
7I7,7I7
7K0,7K0
7K2,7K2
7K4,7K4
7K8,7K8
7KA,7KA
7M1,7M1
7M3,7M3
7M4,7M4
7M5,7M5
7M7,7M7
7N0,7N0
7N1,7N1
7N7,7N7
7S0,7S0
7S1,7S1
7S5,7S5
7S6,7S6
7S7,7S7
7V1,7V1
7V7,7V7
7W6,7W6
80F,80F
81B,81B
82C,82C
82V,82V
83D,83D
84D,84D
84K,84K
84R,84R
85V,85V
86F,86F
87I,87I
87Y,87Y
88C,88C
88J,88J
88M,88M
89D,89D
8A0,8A0
8A1,8A1
8A3,8A3
8B0,8B0
8D1,8D1
8D3,8D3
8D4,8D4
8D7,8D7
8D9,8D9
8F7,8F7
8G2,8G2
8G6,8G6
8G7,8G7
8K8,8K8
8K9,8K9
8M1,8M1
8S1,8S1
8S2,8S2
8S5,8S5
8U6,8U6
8U8,8U8
8V2,8V2
8Y2,8Y2
91C,91C
91F,91F
93B,93B
93C,93C
93F,93F
93Y,93Y
94K,94K
95F,95F
96D,96D
96Z,96Z
97M,97M
98D,98D
99N,99N
99Y,99Y
9A1,9A1
9A3,9A3
9A4,9A4
9A5,9A5
9A6,9A6
9A8,9A8
9C8,9C8
9D0,9D0
9D1,9D1
9D2,9D2
9D7,9D7
9D9,9D9
9G0,9G0
9G1,9G1
9G3,9G3
9G5,9G5
9G8,9G8
9I0,9I0
9I3,9I3
9K2,9K2
9K4,9K4
9K7,9K7
9K8,9K8
9M4,9M4
9M6,9M6
9M8,9M8
9S2,9S2
9S4,9S4
9S5,9S5
9S7,9S7
9S9,9S9
9U0,9U0
9U3,9U3
9U4,9U4
9V5,9V5
9V6,9V6
9V9,9V9
9W7,9W7
A04,A04
A14,A14
A29,A29
A30,A30
A32,A32
A61,A61
A63,A63
A79,A79
A85,A85
AAF,AAF
AAO,AAO
AAS,AAS
AAT,AAT
ABE,ABE
ABI,ABI
ABO,ABO
ABQ,ABQ
ABR,ABR
ABY,ABY
ACB,ACB
ACJ,ACJ
ACK,ACK
ACQ,ACQ
ACT,ACT
ACV,ACV
ACY,ACY
ACZ,ACZ
ADC,ADC
ADG,ADG
ADH,ADH
ADK,ADK
ADM,ADM
ADQ,ADQ
ADS,ADS
ADT,ADT
ADU,ADU
AEG,AEG
AEL,AEL
AEX,AEX
AFE,AFE
AFJ,AFJ
AFK,AFK
AFM,AFM
AFN,AFN
AFO,AFO
AFW,AFW
AGC,AGC
AGN,AGN
AGO,AGO
AGS,AGS
AGZ,AGZ
AHH,AHH
AHN,AHN
AHP,AHP
AHQ,AHQ
AIA,AIA
AID,AID
AIG,AIG
AIK,AIK
AIO,AIO
AIT,AIT
AIV,AIV
AIY,AIY
AIZ,AIZ
AJC,AJC
AJG,AJG
AJO,AJO
AJR,AJR
AK5,AK5
AKA,AKA
AKH,AKH
AKI,AKI
AKK,AKK
AKN,AKN
AKO,AKO
AKP,AKP
AKR,AKR
AKW,AKW
AL08,AL08
ALB,ALB
ALI,ALI
ALM,ALM
ALN,ALN
ALO,ALO
ALS,ALS
ALW,ALW
ALX,ALX
AMA,AMA
AMG,AMG
AMN,AMN
AMT,AMT
AMW,AMW
ANB,ANB
ANC,ANC
AND,AND
ANE,ANE
ANI,ANI
ANQ,ANQ
ANV,ANV
ANW,ANW
ANY,ANY
AOC,AOC
AOH,AOH
AOO,AOO
APA,APA
APC,APC
APF,APF
APN,APN
APT,APT
APV,APV
AQC,AQC
AQH,AQH
AQT,AQT
AQW,AQW
AQY,AQY
ARA,ARA
ARB,ARB
ARC,ARC
ARG,ARG
ARR,ARR
ART,ART
ARV,ARV
ASD,ASD
ASE,ASE
ASG,ASG
ASH,ASH
ASJ,ASJ
ASL,ASL
ASN,ASN
AST,AST
ASW,ASW
ASX,ASX
ATA,ATA
ATK,ATK
ATL,ATL
ATS,ATS
ATW,ATW
ATY,ATY
AUG,AUG
AUH,AUH
AUK,AUK
AUM,AUM
AUN,AUN
AUO,AUO
AUS,AUS
AUW,AUW
AVC,AVC
AVK,AVK
AVL,AVL
AVO,AVO
AVP,AVP
AVQ,AVQ
AVX,AVX
AWG,AWG
AWI,AWI
AWM,AWM
AWO,AWO
AXA,AXA
AXN,AXN
AXS,AXS
AXV,AXV
AXX,AXX
AYS,AYS
AZC,AZC
AZE,AZE
AZO,AZO
B01,B01
B08,B08
B16,B16
B19,B19
B21,B21
BAF,BAF
BAK,BAK
BAM,BAM
BAX,BAX
BAZ,BAZ
BBB,BBB
BBD,BBD
BBP,BBP
BBW,BBW
BCB,BCB
BCE,BCE
BCK,BCK
BCT,BCT
BCV,BCV
BDE,BDE
BDG,BDG
BDL,BDL
BDQ,BDQ
BDR,BDR
BDX,BDX
BED,BED
BEH,BEH
BET,BET
BFD,BFD
BFF,BFF
BFI,BFI
BFK,BFK
BFL,BFL
BFM,BFM
BFR,BFR
BFW,BFW
BGD,BGD
BGE,BGE
BGF,BGF
BGM,BGM
BGQ,BGQ
BGR,BGR
BHB,BHB
BHC,BHC
BHK,BHK
BHM,BHM
BID,BID
BIE,BIE
BIG,BIG
BIH,BIH
BIL,BIL
BIS,BIS
BIV,BIV
BJC,BJC
BJI,BJI
BJJ,BJJ
BKD,BKD
BKE,BKE
BKL,BKL
BKV,BKV
BKW,BKW
BKX,BKX
BLF,BLF
BLH,BLH
BLI,BLI
BLM,BLM
BLV,BLV
BMC,BMC
BMG,BMG
BMI,BMI
BML,BML
BMQ,BMQ
BMT,BMT
BNA,BNA
BNF,BNF
BNG,BNG
BNL,BNL
BNO,BNO
BNW,BNW
BOI,BOI
BOK,BOK
BOS,BOS
BOW,BOW
BPI,BPI
BPK,BPK
BPT,BPT
BQK,BQK
BQN,BQN
BRD,BRD
BRL,BRL
BRO,BRO
BRW,BRW
BRY,BRY
BST,BST
BTI,BTI
BTL,BTL
BTM,BTM
BTN,BTN
BTP,BTP
BTR,BTR
BTT,BTT
BTV,BTV
BTY,BTY
BUB,BUB
BUF,BUF
BUM,BUM
BUR,BUR
BUY,BUY
BVI,BVI
BVK,BVK
BVN,BVN
BVO,BVO
BVS,BVS
BVX,BVX
BVY,BVY
BWC,BWC
BWD,BWD
BWG,BWG
BWI,BWI
BWP,BWP
BXA,BXA
BXG,BXG
BXK,BXK
BYA,BYA
BYG,BYG
BYI,BYI
BZN,BZN
C00,C00
C05,C05
C09,C09
C15,C15
C17,C17
C18,C18
C25,C25
C29,C29
C34,C34
C35,C35
C47,C47
C52,C52
C56,C56
C62,C62
C65,C65
C66,C66
C71,C71
C73,C73
C75,C75
C77,C77
C80,C80
C81,C81
C83,C83
C91,C91
CAD,CAD
CAE,CAE
CAG,CAG
CAK,CAK
CAO,CAO
CAR,CAR
CAV,CAV
CBE,CBE
CBF,CBF
CBG,CBG
CBK,CBK
CCB,CCB
CCO,CCO
CCR,CCR
CCY,CCY
CDB,CDB
CDC,CDC
CDH,CDH
CDI,CDI
CDK,CDK
CDN,CDN
CDR,CDR
CDV,CDV
CDW,CDW
CEC,CEC
CEF,CEF
CEK,CEK
CEM,CEM
CEU,CEU
CEV,CEV
CEW,CEW
CEY,CEY
CEZ,CEZ
CFD,CFD
CFJ,CFJ
CFK,CFK
CFT,CFT
CFV,CFV
CGA,CGA
CGC,CGC
CGE,CGE
CGF,CGF
CGI,CGI
CGS,CGS
CGX,CGX
CGZ,CGZ
CHA,CHA
CHD,CHD
CHK,CHK
CHO,CHO
CHP,CHP
CHS,CHS
CHT,CHT
CHU,CHU
CIC,CIC
CID,CID
CII,CII
CIK,CIK
CIN,CIN
CIR,CIR
CIU,CIU
CJR,CJR
CJX,CJX
CKB,CKB
CKC,CKC
CKF,CKF
CKI,CKI
CKM,CKM
CKN,CKN
CKP,CKP
CKU,CKU
CKV,CKV
CKX,CKX
CLD,CLD
CLE,CLE
CLI,CLI
CLK,CLK
CLL,CLL
CLM,CLM
CLP,CLP
CLS,CLS
CLT,CLT
CLW,CLW
CMA,CMA
CMH,CMH
CMI,CMI
CMX,CMX
CMY,CMY
CNC,CNC
CNH,CNH
CNK,CNK
CNM,CNM
CNO,CNO
CNP,CNP
CNU,CNU
CNW,CNW
CNY,CNY
COD,COD
COE,COE
COI,COI
COM,COM
CON,CON
COQ,COQ
COS,COS
COT,COT
COU,COU
CPC,CPC
CPK,CPK
CPM,CPM
CPR,CPR
CPS,CPS
CPX,CPX
CQA,CQA
CQB,CQB
CQX,CQX
CRC,CRC
CRE,CRE
CRG,CRG
CRO,CRO
CRP,CRP
CRQ,CRQ
CRS,CRS
CRT,CRT
CRW,CRW
CRX,CRX
CSB,CSB
CSG,CSG
CSM,CSM
CSQ,CSQ
CSV,CSV
CTB,CTB
CTJ,CTJ
CTK,CTK
CTY,CTY
CTZ,CTZ
CUB,CUB
CUH,CUH
CUL,CUL
CUT,CUT
CVG,CVG
CVK,CVK
CVN,CVN
CVO,CVO
CVX,CVX
CWA,CWA
CWF,CWF
CWI,CWI
CWV,CWV
CXC,CXC
CXE,CXE
CXF,CXF
CXL,CXL
CXO,CXO
CXP,CXP
CXU,CXU
CXY,CXY
CYO,CYO
CYS,CYS
CYW,CYW
CZD,CZD
CZG,CZG
CZL,CZL
CZN,CZN
CZT,CZT
D04,D04
D05,D05
D07,D07
D09,D09
D19,D19
D22,D22
D25,D25
D38,D38
D42,D42
D50,D50
D55,D55
D57,D57
D60,D60
D73,D73
D77,D77
D87,D87
D95,D95
D98,D98
DAB,DAB
DAG,DAG
DAL,DAL
DAN,DAN
DAW,DAW
DAY,DAY
DBN,DBN
DBQ,DBQ
DCA,DCA
DCK,DCK
DCU,DCU
DCY,DCY
DDC,DDC
DDH,DDH
DEC,DEC
DED,DED
DEE,DEE
DEH,DEH
DEN,DEN
DEQ,DEQ
DET,DET
DEW,DEW
DFI,DFI
DFW,DFW
DGW,DGW
DHN,DHN
DHT,DHT
DIK,DIK
DKB,DKB
DKK,DKK
DKX,DKX
DLG,DLG
DLH,DLH
DLL,DLL
DLN,DLN
DLO,DLO
DLS,DLS
DLZ,DLZ
DM2,DM2
DMN,DMN
DMO,DMO
DMW,DMW
DNL,DNL
DNN,DNN
DNS,DNS
DNV,DNV
DOV,DOV
DPA,DPA
DPL,DPL
DQH,DQH
DRI,DRI
DRO,DRO
DRT,DRT
DSM,DSM
DSV,DSV
DTA,DTA
DTL,DTL
DTN,DTN
DTO,DTO
DTS,DTS
DTW,DTW
DUA,DUA
DUC,DUC
DUG,DUG
DUJ,DUJ
DUT,DUT
DUX,DUX
DUY,DUY
DVK,DVK
DVL,DVL
DVN,DVN
DVO,DVO
DVT,DVT
DWH,DWH
DWU,DWU
DXE,DXE
DXR,DXR
DXX,DXX
DYB,DYB
DYL,DYL
DYR,DYR
DYT,DYT
E01,E01
E04,E04
E05,E05
E06,E06
E07,E07
E11,E11
E15,E15
E19,E19
E24,E24
E25,E25
E26,E26
E35,E35
E38,E38
E42,E42
E51,E51
E52,E52
E60,E60
E63,E63
E80,E80
E89,E89
E91,E91
E94,E94
E95,E95
EAA,EAA
EAN,EAN
EAR,EAR
EAT,EAT
EAU,EAU
EBS,EBS
ECG,ECG
ECS,ECS
EDE,EDE
EDN,EDN
EED,EED
EEK,EEK
EEN,EEN
EEO,EEO
EET,EET
EFC,EFC
EFD,EFD
EFK,EFK
EFT,EFT
EFW,EFW
EGE,EGE
EGQ,EGQ
EGT,EGT
EGV,EGV
EHA,EHA
EHO,EHO
EHR,EHR
EII,EII
EIW,EIW
EKA,EKA
EKM,EKM
EKN,EKN
EKO,EKO
EKQ,EKQ
EKX,EKX
EKY,EKY
ELA,ELA
ELD,ELD
ELI,ELI
ELK,ELK
ELM,ELM
ELN,ELN
ELO,ELO
ELP,ELP
ELV,ELV
ELY,ELY
ELZ,ELZ
EMM,EMM
EMP,EMP
EMT,EMT
EMV,EMV
ENA,ENA
ENL,ENL
ENM,ENM
ENN,ENN
ENV,ENV
ENW,ENW
EOK,EOK
EOS,EOS
EPH,EPH
EPM,EPM
EQA,EQA
EQY,EQY
ERI,ERI
ERV,ERV
ERY,ERY
ESC,ESC
ESF,ESF
ESN,ESN
EST,EST
ETB,ETB
ETC,ETC
ETH,ETH
ETN,ETN
EUF,EUF
EUG,EUG
EUL,EUL
EVB,EVB
EVM,EVM
EVU,EVU
EVV,EVV
EVW,EVW
EVY,EVY
EWB,EWB
EWK,EWK
EWN,EWN
EWR,EWR
EWU,EWU
EXI,EXI
EXX,EXX
EYE,EYE
EYW,EYW
EZI,EZI
EZM,EZM
EZZ,EZZ
F00,F00
F01,F01
F05,F05
F06,F06
F08,F08
F10,F10
F12,F12
F17,F17
F18,F18
F21,F21
F22,F22
F24,F24
F28,F28
F29,F29
F30,F30
F31,F31
F32,F32
F36,F36
F37,F37
F39,F39
F41,F41
F44,F44
F45,F45
F46,F46
F49,F49
F51,F51
F53,F53
F55,F55
F56,F56
F70,F70
F80,F80
F81,F81
F84,F84
F85,F85
F87,F87
F88,F88
F89,F89
F91,F91
F99,F99
FAI,FAI
FAM,FAM
FAQ,FAQ
FAR,FAR
FAT,FAT
FAY,FAY
FBL,FBL
FBR,FBR
FBY,FBY
FCA,FCA
FCH,FCH
FCI,FCI
FCM,FCM
FCY,FCY
FDK,FDK
FDR,FDR
FDW,FDW
FDY,FDY
FEP,FEP
FET,FET
FFA,FFA
FFC,FFC
FFL,FFL
FFM,FFM
FFT,FFT
FFZ,FFZ
FGX,FGX
FHR,FHR
FHU,FHU
FIG,FIG
FIT,FIT
FKL,FKL
FKN,FKN
FKR,FKR
FLD,FLD
FLG,FLG
FLL,FLL
FLO,FLO
FLP,FLP
FLT,FLT
FLX,FLX
FME,FME
FMN,FMN
FMY,FMY
FMZ,FMZ
FNB,FNB
FNL,FNL
FNR,FNR
FNT,FNT
FOA,FOA
FOD,FOD
FOE,FOE
FOK,FOK
FOT,FOT
FPR,FPR
FQD,FQD
FRG,FRG
FRH,FRH
FRM,FRM
FRR,FRR
FSD,FSD
FSE,FSE
FSK,FSK
FSM,FSM
FSO,FSO
FST,FST
FSU,FSU
FSW,FSW
FTG,FTG
FTT,FTT
FTW,FTW
FTY,FTY
FUL,FUL
FVE,FVE
FVX,FVX
FWA,FWA
FWC,FWC
FWN,FWN
FWS,FWS
FXE,FXE
FXY,FXY
FYE,FYE
FYM,FYM
FYU,FYU
FYV,FYV
FZG,FZG
FZI,FZI
FZY,FZY
GAB,GAB
GAD,GAD
GAF,GAF
GAG,GAG
GAI,GAI
GAL,GAL
GAM,GAM
GAS,GAS
GBD,GBD
GBG,GBG
GBH,GBH
GBR,GBR
GCC,GCC
GCK,GCK
GCM,GCM
GCN,GCN
GCT,GCT
GCY,GCY
GDM,GDM
GDV,GDV
GDW,GDW
GDY,GDY
GED,GED
GEG,GEG
GEO,GEO
GEU,GEU
GEY,GEY
GEZ,GEZ
GFK,GFK
GFL,GFL
GFZ,GFZ
GGE,GGE
GGF,GGF
GGG,GGG
GGI,GGI
GGP,GGP
GGW,GGW
GHM,GHM
GHW,GHW
GIF,GIF
GJT,GJT
GKJ,GKJ
GKN,GKN
GKT,GKT
GKY,GKY
GLD,GLD
GLE,GLE
GLH,GLH
GLR,GLR
GLS,GLS
GLW,GLW
GLY,GLY
GMJ,GMJ
GMU,GMU
GNB,GNB
GNF,GNF
GNG,GNG
GNT,GNT
GNU,GNU
GNV,GNV
GOK,GOK
GON,GON
GPH,GPH
GPM,GPM
GPT,GPT
GPZ,GPZ
GQQ,GQQ
GRB,GRB
GRD,GRD
GRE,GRE
GRI,GRI
GRK,GRK
GRN,GRN
GRO,GRO
GRR,GRR
GSH,GSH
GSN,GSN
GSO,GSO
GSP,GSP
GST,GST
GTF,GTF
GTR,GTR
GTU,GTU
GUC,GUC
GUM,GUM
GUP,GUP
GUY,GUY
GVL,GVL
GVQ,GVQ
GVT,GVT
GWO,GWO
GWR,GWR
GWW,GWW
GXY,GXY
GYH,GYH
GYR,GYR
GYY,GYY
GZH,GZH
GZS,GZS
H04,H04
H05,H05
H19,H19
H21,H21
H30,H30
H35,H35
H41,H41
H45,H45
H66,H66
H71,H71
H79,H79
H88,H88
H92,H92
H96,H96
H97,H97
HAB,HAB
HAE,HAE
HAF,HAF
HAI,HAI
HAO,HAO
HAY,HAY
HBC,HBC
HBG,HBG
HBR,HBR
HBV,HBV
HBZ,HBZ
HCD,HCD
HCO,HCO
HDC,HDC
HDE,HDE
HDH,HDH
HDI,HDI
HDN,HDN
HDO,HDO
HEE,HEE
HEF,HEF
HEI,HEI
HEQ,HEQ
HEZ,HEZ
HFD,HFD
HFY,HFY
HGR,HGR
HHF,HHF
HHG,HHG
HHH,HHH
HHR,HHR
HHW,HHW
HI01,HI01
HIB,HIB
HIE,HIE
HIG,HIG
HII,HII
HIO,HIO
HJH,HJH
HJO,HJO
HKA,HKA
HKS,HKS
HKY,HKY
HLC,HLC
HLG,HLG
HLN,HLN
HLX,HLX
HMT,HMT
HMZ,HMZ
HNB,HNB
HNH,HNH
HNL,HNL
HNM,HNM
HNR,HNR
HNS,HNS
HNZ,HNZ
HOB,HOB
HOC,HOC
HOE,HOE
HOM,HOM
HON,HON
HOT,HOT
HOU,HOU
HPB,HPB
HPN,HPN
HPT,HPT
HQG,HQG
HQM,HQM
HQU,HQU
HQZ,HQZ
HRI,HRI
HRL,HRL
HRO,HRO
HRR,HRR
HRU,HRU
HRX,HRX
HSA,HSA
HSB,HSB
HSE,HSE
HSI,HSI
HSL,HSL
HSP,HSP
HSR,HSR
HSV,HSV
HTH,HTH
HTL,HTL
HTO,HTO
HTS,HTS
HTW,HTW
HUF,HUF
HUL,HUL
HUM,HUM
HUS,HUS
HUT,HUT
HVC,HVC
HVE,HVE
HVN,HVN
HVR,HVR
HVS,HVS
HWD,HWD
HWI,HWI
HWO,HWO
HWQ,HWQ
HWV,HWV
HXD,HXD
HXF,HXF
HYA,HYA
HYG,HYG
HYI,HYI
HYL,HYL
HYR,HYR
HYS,HYS
HYW,HYW
HZD,HZD
HZE,HZE
HZL,HZL
HZR,HZR
HZY,HZY
I05,I05
I12,I12
I16,I16
I18,I18
I19,I19
I22,I22
I23,I23
I25,I25
I32,I32
I34,I34
I35,I35
I39,I39
I40,I40
I42,I42
I43,I43
I50,I50
I57,I57
I63,I63
I66,I66
I67,I67
I68,I68
I69,I69
I74,I74
I75,I75
I76,I76
I78,I78
I83,I83
I86,I86
I88,I88
I93,I93
I95,I95
IAD,IAD
IAG,IAG
IAH,IAH
IAN,IAN
IBM,IBM
ICL,ICL
ICT,ICT
IDA,IDA
IDI,IDI
IDL,IDL
IDP,IDP
IEM,IEM
IEN,IEN
IER,IER
IFA,IFA
IFP,IFP
IGG,IGG
IGM,IGM
IGQ,IGQ
IGT,IGT
IIB,IIB
IIK,IIK
IIY,IIY
IJD,IJD
IJX,IJX
IKK,IKK
IKV,IKV
ILE,ILE
ILG,ILG
ILI,ILI
ILM,ILM
IML,IML
IMM,IMM
IMS,IMS
IMT,IMT
IN03,IN03
IND,IND
INK,INK
INL,INL
INT,INT
INW,INW
IOB,IOB
IOW,IOW
IPJ,IPJ
IPL,IPL
IPT,IPT
IRK,IRK
IRS,IRS
ISM,ISM
ISN,ISN
ISO,ISO
ISP,ISP
ISQ,ISQ
ISW,ISW
ISZ,ISZ
ITH,ITH
ITO,ITO
ITR,ITR
IWA,IWA
IWD,IWD
IWH,IWH
IWI,IWI
IWK,IWK
IWS,IWS
IXD,IXD
IYK,IYK
IYS,IYS
IZA,IZA
IZG,IZG
JAC,JAC
JAN,JAN
JAS,JAS
JAU,JAU
JAX,JAX
JBR,JBR
JCT,JCT
JDN,JDN
JEF,JEF
JER,JER
JES,JES
JFK,JFK
JFX,JFX
JHM,JHM
JHW,JHW
JKA,JKA
JKJ,JKJ
JKL,JKL
JLN,JLN
JMR,JMR
JMS,JMS
JNU,JNU
JNX,JNX
JOT,JOT
JQF,JQF
JRA,JRA
JRB,JRB
JRF,JRF
JSO,JSO
JST,JST
JVL,JVL
JVY,JVY
JWG,JWG
JWN,JWN
JXN,JXN
JYG,JYG
JYL,JYL
JYM,JYM
JYO,JYO
JYR,JYR
JZI,JZI
JZP,JZP
JZZ,JZZ
K01,K01
K02,K02
K06,K06
K09,K09
K15,K15
K20,K20
K22,K22
K24,K24
K29,K29
K33,K33
K34,K34
K39,K39
K46,K46
K54,K54
K57,K57
K59,K59
K61,K61
K62,K62
K67,K67
K68,K68
K78,K78
K81,K81
K82,K82
K83,K83
K88,K88
K89,K89
K96,K96
KAE,KAE
KAL,KAL
KCC,KCC
KCL,KCL
KEB,KEB
KEK,KEK
KFP,KFP
KGX,KGX
KIB,KIB
KIC,KIC
KKA,KKA
KKB,KKB
KLG,KLG
KLL,KLL
KLS,KLS
KNB,KNB
KNW,KNW
KOA,KOA
KPB,KPB
KPH,KPH
KQA,KQA
KSM,KSM
KTB,KTB
KTN,KTN
KTS,KTS
KVC,KVC
KVL,KVL
KWT,KWT
KXA,KXA
KYK,KYK
KYU,KYU
L04,L04
L05,L05
L06,L06
L08,L08
L12,L12
L15,L15
L17,L17
L18,L18
L19,L19
L26,L26
L31,L31
L35,L35
L38,L38
L39,L39
L42,L42
L45,L45
L49,L49
L52,L52
L67,L67
L70,L70
L71,L71
L72,L72
L75,L75
L83,L83
L84,L84
L92,L92
LAA,LAA
LAF,LAF
LAL,LAL
LAM,LAM
LAN,LAN
LAR,LAR
LAS,LAS
LAW,LAW
LAX,LAX
LBB,LBB
LBE,LBE
LBF,LBF
LBL,LBL
LBO,LBO
LBT,LBT
LBX,LBX
LCG,LCG
LCH,LCH
LCI,LCI
LCK,LCK
LCQ,LCQ
LDJ,LDJ
LDM,LDM
LEB,LEB
LEE,LEE
LEM,LEM
LEW,LEW
LEX,LEX
LFK,LFK
LFT,LFT
LGA,LGA
LGB,LGB
LGC,LGC
LGD,LGD
LGU,LGU
LHD,LHD
LHM,LHM
LHQ,LHQ
LHV,LHV
LHX,LHX
LHZ,LHZ
LIC,LIC
LIH,LIH
LIT,LIT
LJF,LJF
LKP,LKP
LKR,LKR
LKU,LKU
LKV,LKV
LLJ,LLJ
LLQ,LLQ
LLU,LLU
LMS,LMS
LMT,LMT
LNA,LNA
LNC,LNC
LND,LND
LNK,LNK
LNL,LNL
LNN,LNN
LNP,LNP
LNS,LNS
LNY,LNY
LOL,LOL
LOT,LOT
LOU,LOU
LOZ,LOZ
LPC,LPC
LPR,LPR
LQK,LQK
LQR,LQR
LRD,LRD
LRG,LRG
LRJ,LRJ
LRU,LRU
LSB,LSB
LSE,LSE
LSK,LSK
LSN,LSN
LUG,LUG
LUK,LUK
LUL,LUL
LUP,LUP
LVJ,LVJ
LVK,LVK
LVM,LVM
LVN,LVN
LVS,LVS
LWB,LWB
LWC,LWC
LWD,LWD
LWL,LWL
LWM,LWM
LWS,LWS
LWT,LWT
LWV,LWV
LXL,LXL
LXN,LXN
LXT,LXT
LXV,LXV
LXY,LXY
LYH,LYH
LYO,LYO
LZU,LZU
M01,M01
M02,M02
M03,M03
M04,M04
M05,M05
M08,M08
M09,M09
M11,M11
M13,M13
M15,M15
M16,M16
M17,M17
M18,M18
M19,M19
M21,M21
M22,M22
M23,M23
M24,M24
M25,M25
M27,M27
M29,M29
M30,M30
M32,M32
M33,M33
M34,M34
M36,M36
M37,M37
M39,M39
M40,M40
M41,M41
M43,M43
M44,M44
M46,M46
M48,M48
M52,M52
M53,M53
M54,M54
M58,M58
M59,M59
M60,M60
M65,M65
M70,M70
M72,M72
M73,M73
M75,M75
M76,M76
M77,M77
M78,M78
M79,M79
M82,M82
M83,M83
M89,M89
M91,M91
M95,M95
M97,M97
M99,M99
MAC,MAC
MAE,MAE
MAF,MAF
MAI,MAI
MAL,MAL
MAO,MAO
MAW,MAW
MAZ,MAZ
MBG,MBG
MBL,MBL
MBO,MBO
MBS,MBS
MBT,MBT
MBY,MBY
MCB,MCB
MCD,MCD
MCE,MCE
MCG,MCG
MCI,MCI
MCK,MCK
MCN,MCN
MCO,MCO
MCW,MCW
MCX,MCX
MCZ,MCZ
MDD,MDD
MDF,MDF
MDH,MDH
MDR,MDR
MDS,MDS
MDT,MDT
MDW,MDW
MDZ,MDZ
MEB,MEB
MEI,MEI
MEJ,MEJ
MEM,MEM
MER,MER
MEV,MEV
MEY,MEY
MFD,MFD
MFE,MFE
MFI,MFI
MFR,MFR
MFV,MFV
MGC,MGC
MGJ,MGJ
MGM,MGM
MGR,MGR
MGW,MGW
MGY,MGY
MHE,MHE
MHK,MHK
MHL,MHL
MHM,MHM
MHP,MHP
MHR,MHR
MHT,MHT
MHV,MHV
MIA,MIA
MIB,MIB
MIC,MIC
MIE,MIE
MIO,MIO
MIT,MIT
MIV,MIV
MIW,MIW
MJQ,MJQ
MJX,MJX
MKA,MKA
MKC,MKC
MKE,MKE
MKG,MKG
MKJ,MKJ
MKK,MKK
MKL,MKL
MKO,MKO
MKT,MKT
MKV,MKV
MKY,MKY
MLB,MLB
MLC,MLC
MLE,MLE
MLF,MLF
MLI,MLI
MLJ,MLJ
MLL,MLL
MLS,MLS
MLT,MLT
MLU,MLU
MLY,MLY
MMH,MMH
MMI,MMI
MMK,MMK
MML,MML
MMU,MMU
MMV,MMV
MNF,MNF
MNI,MNI
MNM,MNM
MNN,MNN
MNV,MNV
MNZ,MNZ
MO6,MO6
MO85,MO85
MOB,MOB
MOD,MOD
MOP,MOP
MOR,MOR
MOT,MOT
MOU,MOU
MOX,MOX
MPE,MPE
MPJ,MPJ
MPO,MPO
MPR,MPR
MPV,MPV
MPZ,MPZ
MQB,MQB
MQI,MQI
MQJ,MQJ
MQT,MQT
MQW,MQW
MQY,MQY
MRB,MRB
MRC,MRC
MRF,MRF
MRH,MRH
MRI,MRI
MRJ,MRJ
MRN,MRN
MRY,MRY
MSA,MSA
MSL,MSL
MSN,MSN
MSO,MSO
MSP,MSP
MSS,MSS
MSV,MSV
MSY,MSY
MTH,MTH
MTJ,MTJ
MTM,MTM
MTN,MTN
MTO,MTO
MTP,MTP
MTV,MTV
MTW,MTW
MUE,MUE
MUT,MUT
MVC,MVC
MVE,MVE
MVI,MVI
MVL,MVL
MVM,MVM
MVN,MVN
MVY,MVY
MWA,MWA
MWC,MWC
MWH,MWH
MWK,MWK
MWL,MWL
MWM,MWM
MWO,MWO
MXA,MXA
MXO,MXO
MYF,MYF
MYK,MYK
MYL,MYL
MYR,MYR
MYU,MYU
MYV,MYV
MYZ,MYZ
MZJ,MZJ
MZZ,MZZ
N00,N00
N03,N03
N04,N04
N07,N07
N10,N10
N12,N12
N13,N13
N14,N14
N23,N23
N24,N24
N25,N25
N27,N27
N29,N29
N30,N30
N35,N35
N37,N37
N38,N38
N40,N40
N47,N47
N51,N51
N53,N53
N57,N57
N66,N66
N67,N67
N68,N68
N69,N69
N72,N72
N73,N73
N79,N79
N81,N81
N82,N82
N85,N85
N87,N87
N89,N89
N93,N93
N99,N99
NC14,NC14
NC67,NC67
ND06,ND06
ND12,ND12
ND17,ND17
ND26,ND26
ND28,ND28
ND29,ND29
ND33,ND33
ND44,ND44
ND66,ND66
NEW,NEW
NH12,NH12
NK03,NK03
NQA,NQA
NRN,NRN
NUL,NUL
NVD,NVD
NY0,NY0
O02,O02
O05,O05
O08,O08
O09,O09
O11,O11
O15,O15
O16,O16
O17,O17
O19,O19
O21,O21
O22,O22
O24,O24
O26,O26
O27,O27
O28,O28
O31,O31
O32,O32
O35,O35
O37,O37
O41,O41
O42,O42
O43,O43
O45,O45
O46,O46
O47,O47
O48,O48
O52,O52
O53,O53
O54,O54
O57,O57
O59,O59
O60,O60
O61,O61
O65,O65
O68,O68
O69,O69
O70,O70
O81,O81
O85,O85
O86,O86
O88,O88
O89,O89
OAJ,OAJ
OAK,OAK
OAR,OAR
OBE,OBE
OBU,OBU
OCF,OCF
OCH,OCH
OCQ,OCQ
OCW,OCW
ODO,ODO
ODX,ODX
OEB,OEB
OEL,OEL
OEO,OEO
OFK,OFK
OFP,OFP
OGA,OGA
OGB,OGB
OGD,OGD
OGG,OGG
OGM,OGM
OGS,OGS
OH17,OH17
OH21,OH21
OH30,OH30
OIC,OIC
OIN,OIN
OJC,OJC
OKB,OKB
OKC,OKC
OKK,OKK
OKM,OKM
OKS,OKS
OKV,OKV
OKZ,OKZ
OLD,OLD
OLE,OLE
OLF,OLF
OLM,OLM
OLS,OLS
OLU,OLU
OLV,OLV
OLY,OLY
OLZ,OLZ
OMA,OMA
OME,OME
OMH,OMH
OMK,OMK
OMN,OMN
ONA,ONA
ONL,ONL
ONM,ONM
ONO,ONO
ONP,ONP
ONT,ONT
ONY,ONY
ONZ,ONZ
OOA,OOA
OOH,OOH
OOK,OOK
OPF,OPF
OPL,OPL
OPN,OPN
OQU,OQU
OQW,OQW
OR33,OR33
ORB,ORB
ORC,ORC
ORD,ORD
ORE,ORE
ORF,ORF
ORG,ORG
ORH,ORH
ORI,ORI
ORL,ORL
ORS,ORS
ORT,ORT
ORV,ORV
OSC,OSC
OSH,OSH
OSU,OSU
OSX,OSX
OTG,OTG
OTH,OTH
OTM,OTM
OTZ,OTZ
OUN,OUN
OVE,OVE
OVO,OVO
OVS,OVS
OWA,OWA
OWB,OWB
OWD,OWD
OWI,OWI
OWK,OWK
OWX,OWX
OXB,OXB
OXC,OXC
OXD,OXD
OXI,OXI
OXR,OXR
OXV,OXV
OYM,OYM
OZA,OZA
OZW,OZW
P01,P01
P04,P04
P08,P08
P13,P13
P14,P14
P20,P20
P32,P32
P33,P33
P45,P45
P52,P52
P53,P53
PAE,PAE
PAH,PAH
PAK,PAK
PAN,PAN
PAO,PAO
PAQ,PAQ
PBF,PBF
PBH,PBH
PBI,PBI
PBV,PBV
PCK,PCK
PCM,PCM
PCW,PCW
PCZ,PCZ
PDC,PDC
PDK,PDK
PDT,PDT
PDX,PDX
PEA,PEA
PEC,PEC
PEO,PEO
PEQ,PEQ
PEZ,PEZ
PFN,PFN
PGA,PGA
PGD,PGD
PGM,PGM
PGR,PGR
PGV,PGV
PHD,PHD
PHF,PHF
PHG,PHG
PHH,PHH
PHK,PHK
PHL,PHL
PHN,PHN
PHO,PHO
PHP,PHP
PHT,PHT
PHX,PHX
PIA,PIA
PIB,PIB
PIE,PIE
PIH,PIH
PIL,PIL
PIM,PIM
PIR,PIR
PIT,PIT
PIZ,PIZ
PJY,PJY
PKA,PKA
PKB,PKB
PKD,PKD
PKF,PKF
PLB,PLB
PLD,PLD
PLN,PLN
PLR,PLR
PMB,PMB
PMD,PMD
PMH,PMH
PMP,PMP
PMV,PMV
PMX,PMX
PMZ,PMZ
PNA,PNA
PNC,PNC
PNE,PNE
PNM,PNM
PNN,PNN
PNP,PNP
PNS,PNS
POC,POC
POF,POF
POH,POH
POU,POU
POY,POY
PPA,PPA
PPC,PPC
PPF,PPF
PPG,PPG
PPO,PPO
PPQ,PPQ
PQI,PQI
PQL,PQL
PQN,PQN
PR03,PR03
PRB,PRB
PRC,PRC
PRG,PRG
PRN,PRN
PRO,PRO
PRX,PRX
PSB,PSB
PSC,PSC
PSE,PSE
PSF,PSF
PSG,PSG
PSK,PSK
PSM,PSM
PSN,PSN
PSP,PSP
PSX,PSX
PTB,PTB
PTD,PTD
PTH,PTH
PTK,PTK
PTN,PTN
PTS,PTS
PTT,PTT
PTU,PTU
PTV,PTV
PTW,PTW
PUB,PUB
PUC,PUC
PUW,PUW
PVB,PVB
PVC,PVC
PVD,PVD
PVF,PVF
PVG,PVG
PVJ,PVJ
PVU,PVU
PVW,PVW
PWA,PWA
PWC,PWC
PWD,PWD
PWG,PWG
PWK,PWK
PWM,PWM
PWT,PWT
PXE,PXE
PYG,PYG
PYM,PYM
PYX,PYX
PZQ,PZQ
Q00,Q00
Q06,Q06
Q14,Q14
Q16,Q16
Q17,Q17
Q21,Q21
Q24,Q24
Q25,Q25
Q26,Q26
Q31,Q31
Q34,Q34
Q35,Q35
Q37,Q37
Q41,Q41
Q42,Q42
Q44,Q44
Q49,Q49
Q53,Q53
Q55,Q55
Q58,Q58
Q61,Q61
Q68,Q68
Q72,Q72
Q84,Q84
Q88,Q88
Q94,Q94
Q95,Q95
Q99,Q99
RAC,RAC
RAL,RAL
RAP,RAP
RBD,RBD
RBE,RBE
RBG,RBG
RBL,RBL
RBW,RBW
RBY,RBY
RCA,RCA
RCR,RCR
RCX,RCX
RDD,RDD
RDG,RDG
RDK,RDK
RDM,RDM
RDR,RDR
RDU,RDU
RDV,RDV
RED,RED
RFD,RFD
RFG,RFG
RGK,RGK
RHI,RHI
RHV,RHV
RIC,RIC
RID,RID
RIF,RIF
RIL,RIL
RIU,RIU
RIV,RIV
RIW,RIW
RKD,RKD
RKP,RKP
RKR,RKR
RKS,RKS
RKW,RKW
RLD,RLD
RME,RME
RMG,RMG
RMP,RMP
RMY,RMY
RNC,RNC
RNH,RNH
RNM,RNM
RNO,RNO
RNT,RNT
RNV,RNV
ROA,ROA
ROC,ROC
ROG,ROG
ROS,ROS
ROW,ROW
ROX,ROX
RPB,RPB
RPD,RPD
RPX,RPX
RQB,RQB
RQE,RQE
RRL,RRL
RRT,RRT
RSH,RSH
RSL,RSL
RSN,RSN
RST,RST
RSV,RSV
RSW,RSW
RTN,RTN
RUE,RUE
RUG,RUG
RUQ,RUQ
RUT,RUT
RVJ,RVJ
RVL,RVL
RVN,RVN
RVS,RVS
RWF,RWF
RWI,RWI
RWL,RWL
RWN,RWN
RXE,RXE
RYN,RYN
RYV,RYV
RYY,RYY
RZL,RZL
RZN,RZN
RZT,RZT
RZZ,RZZ
S01,S01
S03,S03
S05,S05
S07,S07
S10,S10
S12,S12
S18,S18
S21,S21
S23,S23
S24,S24
S25,S25
S27,S27
S28,S28
S30,S30
S31,S31
S32,S32
S33,S33
S34,S34
S39,S39
S40,S40
S43,S43
S45,S45
S47,S47
S50,S50
S52,S52
S59,S59
S60,S60
S64,S64
S66,S66
S67,S67
S68,S68
S69,S69
S70,S70
S71,S71
S72,S72
S73,S73
S80,S80
S83,S83
S85,S85
S87,S87
S89,S89
S93,S93
S94,S94
S97,S97
SAA,SAA
SAC,SAC
SAD,SAD
SAF,SAF
SAN,SAN
SAR,SAR
SAT,SAT
SAV,SAV
SAW,SAW
SAZ,SAZ
SBA,SBA
SBD,SBD
SBM,SBM
SBN,SBN
SBO,SBO
SBP,SBP
SBS,SBS
SBU,SBU
SBX,SBX
SBY,SBY
SCB,SCB
SCC,SCC
SCD,SCD
SCE,SCE
SCH,SCH
SCK,SCK
SCM,SCM
SCX,SCX
SD07,SD07
SD10,SD10
SD12,SD12
SD16,SD16
SD18,SD18
SD22,SD22
SD28,SD28
SD32,SD32
SD33,SD33
SD34,SD34
SDA,SDA
SDF,SDF
SDL,SDL
SDM,SDM
SDP,SDP
SDY,SDY
SEA,SEA
SEE,SEE
SEF,SEF
SEG,SEG
SEM,SEM
SEP,SEP
SER,SER
SET,SET
SEZ,SEZ
SFB,SFB
SFD,SFD
SFF,SFF
SFM,SFM
SFO,SFO
SFQ,SFQ
SFY,SFY
SFZ,SFZ
SGF,SGF
SGH,SGH
SGJ,SGJ
SGR,SGR
SGS,SGS
SGT,SGT
SGU,SGU
SGY,SGY
SHD,SHD
SHG,SHG
SHH,SHH
SHL,SHL
SHN,SHN
SHR,SHR
SHV,SHV
SHX,SHX
SIG,SIG
SIK,SIK
SIT,SIT
SIV,SIV
SIY,SIY
SJC,SJC
SJN,SJN
SJT,SJT
SJU,SJU
SJX,SJX
SKA,SKA
SKI,SKI
SKW,SKW
SKX,SKX
SLB,SLB
SLC,SLC
SLE,SLE
SLG,SLG
SLK,SLK
SLN,SLN
SLO,SLO
SLQ,SLQ
SLR,SLR
SMD,SMD
SME,SME
SMF,SMF
SMN,SMN
SMO,SMO
SMQ,SMQ
SMS,SMS
SMX,SMX
SNA,SNA
SNH,SNH
SNK,SNK
SNL,SNL
SNP,SNP
SNS,SNS
SNY,SNY
SOP,SOP
SOV,SOV
SOW,SOW
SPA,SPA
SPB,SPB
SPF,SPF
SPG,SPG
SPH,SPH
SPI,SPI
SPS,SPS
SPW,SPW
SPX,SPX
SQI,SQI
SQL,SQL
SRB,SRB
SRC,SRC
SRQ,SRQ
SRR,SRR
SRV,SRV
SSF,SSF
SSI,SSI
SSQ,SSQ
STC,STC
STE,STE
STF,STF
STJ,STJ
STK,STK
STL,STL
STP,STP
STS,STS
STT,STT
STX,STX
SUA,SUA
SUD,SUD
SUE,SUE
SUN,SUN
SUS,SUS
SUT,SUT
SUW,SUW
SUX,SUX
SVA,SVA
SVC,SVC
SVE,SVE
SVH,SVH
SVS,SVS
SWD,SWD
SWF,SWF
SWO,SWO
SWT,SWT
SWW,SWW
SXL,SXL
SXP,SXP
SXQ,SXQ
SYF,SYF
SYI,SYI
SYR,SYR
SYV,SYV
SZP,SZP
SZT,SZT
SZY,SZY
T00,T00
T03,T03
T08,T08
T18,T18
T28,T28
T35,T35
T36,T36
T41,T41
T44,T44
T47,T47
T49,T49
T53,T53
T56,T56
T57,T57
T60,T60
T65,T65
T69,T69
T71,T71
T72,T72
T74,T74
T78,T78
T80,T80
T82,T82
T89,T89
T90,T90
T97,T97
TAD,TAD
TAL,TAL
TAN,TAN
TAZ,TAZ
TBN,TBN
TBR,TBR
TCC,TCC
TCL,TCL
TCS,TCS
TCT,TCT
TCY,TCY
TDF,TDF
TDO,TDO
TDZ,TDZ
TEB,TEB
TEL,TEL
TEW,TEW
TEX,TEX
TGC,TGC
TGI,TGI
THA,THA
THM,THM
THP,THP
THV,THV
TIW,TIW
TIX,TIX
TKA,TKA
TKE,TKE
TKI,TKI
TKX,TKX
TLH,TLH
TLR,TLR
TLT,TLT
TMA,TMA
TMB,TMB
TNI,TNI
TNP,TNP
TNT,TNT
TNU,TNU
TOA,TOA
TOB,TOB
TOC,TOC
TOG,TOG
TOI,TOI
TOL,TOL
TOP,TOP
TOR,TOR
TPA,TPA
TPF,TPF
TPH,TPH
TPL,TPL
TPO,TPO
TQE,TQE
TQH,TQH
TQK,TQK
TRI,TRI
TRK,TRK
TRL,TRL
TRM,TRM
TRX,TRX
TSO,TSO
TSP,TSP
TT01,TT01
TTA,TTA
TTD,TTD
TTF,TTF
TTN,TTN
TUL,TUL
TUP,TUP
TUS,TUS
TVB,TVB
TVC,TVC
TVF,TVF
TVI,TVI
TVK,TVK
TVL,TVL
TVR,TVR
TVY,TVY
TWF,TWF
TWM,TWM
TXK,TXK
TYL,TYL
TYQ,TYQ
TYR,TYR
TYS,TYS
TZR,TZR
TZT,TZT
TZV,TZV
U02,U02
U03,U03
U05,U05
U08,U08
U10,U10
U14,U14
U25,U25
U30,U30
U34,U34
U36,U36
U42,U42
U43,U43
U52,U52
U55,U55
U59,U59
U68,U68
U69,U69
U70,U70
U76,U76
U77,U77
U82,U82
U96,U96
UAO,UAO
UBE,UBE
UBS,UBS
UBX,UBX
UCA,UCA
UCP,UCP
UCY,UCY
UDD,UDD
UDG,UDG
UES,UES
UGN,UGN
UIL,UIL
UIN,UIN
UIZ,UIZ
UKF,UKF
UKI,UKI
UKL,UKL
UKT,UKT
ULM,ULM
ULS,ULS
UMP,UMP
UNI,UNI
UNK,UNK
UNO,UNO
UNU,UNU
UNV,UNV
UOS,UOS
UOX,UOX
UPP,UPP
USE,USE
UTS,UTS
UUO,UUO
UUU,UUU
UUV,UUV
UVA,UVA
UWL,UWL
UYF,UYF
UZA,UZA
VAK,VAK
VAY,VAY
VBT,VBT
VCB,VCB
VCT,VCT
VCV,VCV
VDI,VDI
VDZ,VDZ
VEE,VEE
VEL,VEL
VER,VER
VES,VES
VGT,VGT
VHN,VHN
VIH,VIH
VIQ,VIQ
VIS,VIS
VJI,VJI
VLA,VLA
VLD,VLD
VMR,VMR
VNC,VNC
VNW,VNW
VNY,VNY
VPC,VPC
VPS,VPS
VPZ,VPZ
VQQ,VQQ
VQS,VQS
VRB,VRB
VSF,VSF
VTA,VTA
VTI,VTI
VTN,VTN
VUJ,VUJ
VUO,VUO
VVV,VVV
VYS,VYS
W04,W04
W05,W05
W11,W11
W22,W22
W29,W29
W31,W31
W33,W33
W40,W40
W41,W41
W44,W44
W45,W45
W66,W66
W78,W78
W95,W95
W96,W96
W97,W97
W99,W99
WA10,WA10
WA21,WA21
WA31,WA31
WA43,WA43
WAY,WAY
WBB,WBB
WBQ,WBQ
WBW,WBW
WCR,WCR
WDG,WDG
WDR,WDR
WHP,WHP
WJF,WJF
WLD,WLD
WLK,WLK
WLW,WLW
WMC,WMC
WMO,WMO
WNA,WNA
WRG,WRG
WRL,WRL
WSM,WSM
WSN,WSN
WST,WST
WTK,WTK
WVI,WVI
WVL,WVL
WWD,WWD
WWR,WWR
WYS,WYS
X01,X01
X06,X06
X07,X07
X10,X10
X14,X14
X16,X16
X21,X21
X23,X23
X26,X26
X35,X35
X40,X40
X44,X44
X46,X46
X47,X47
X51,X51
X59,X59
X60,X60
X63,X63
X66,X66
X67,X67
X95,X95
X96,X96
XNA,XNA
XVG,XVG
Y03,Y03
Y14,Y14
Y15,Y15
Y19,Y19
Y27,Y27
Y31,Y31
Y37,Y37
Y47,Y47
Y50,Y50
Y51,Y51
Y55,Y55
Y63,Y63
Y66,Y66
Y68,Y68
Y70,Y70
Y74,Y74
Y83,Y83
Y93,Y93
YAK,YAK
YIP,YIP
YKM,YKM
YKN,YKN
YNG,YNG
YUM,YUM
Z08,Z08
Z09,Z09
Z13,Z13
Z17,Z17
Z40,Z40
Z55,Z55
Z73,Z73
Z84,Z84
Z91,Z91
Z95,Z95
ZEF,ZEF
ZER,ZER
ZPH,ZPH
ZUN,ZUN
ZZV,ZZV
